-- phpMyAdmin SQL Dump
-- version 5.1.1
-- https://www.phpmyadmin.net/
--
-- Host: 127.0.0.1
-- Waktu pembuatan: 30 Bulan Mei 2023 pada 12.52
-- Versi server: 10.4.22-MariaDB
-- Versi PHP: 8.1.2

SET SQL_MODE = "NO_AUTO_VALUE_ON_ZERO";
START TRANSACTION;
SET time_zone = "+00:00";


/*!40101 SET @OLD_CHARACTER_SET_CLIENT=@@CHARACTER_SET_CLIENT */;
/*!40101 SET @OLD_CHARACTER_SET_RESULTS=@@CHARACTER_SET_RESULTS */;
/*!40101 SET @OLD_COLLATION_CONNECTION=@@COLLATION_CONNECTION */;
/*!40101 SET NAMES utf8mb4 */;

--
-- Database: `spk-saw`
--

-- --------------------------------------------------------

--
-- Struktur dari tabel `kecamatan`
--

CREATE TABLE `kecamatan` (
  `id` bigint(20) UNSIGNED NOT NULL,
  `nama` varchar(128) NOT NULL,
  `updated_at` timestamp NULL DEFAULT NULL,
  `created_at` timestamp NULL DEFAULT NULL
) ENGINE=InnoDB DEFAULT CHARSET=utf8mb4;

--
-- Dumping data untuk tabel `kecamatan`
--

INSERT INTO `kecamatan` (`id`, `nama`, `updated_at`, `created_at`) VALUES
(7, 'kakuluk mesak', '2023-05-29 08:18:23', '2023-05-29 08:18:23');

-- --------------------------------------------------------

--
-- Struktur dari tabel `kecamatan_kelurahan`
--

CREATE TABLE `kecamatan_kelurahan` (
  `id` bigint(20) UNSIGNED NOT NULL,
  `kecamatan_id` bigint(20) UNSIGNED NOT NULL,
  `kelurahan_id` bigint(20) UNSIGNED NOT NULL,
  `updated_at` timestamp NULL DEFAULT NULL,
  `created_at` timestamp NULL DEFAULT NULL
) ENGINE=InnoDB DEFAULT CHARSET=utf8mb4;

--
-- Dumping data untuk tabel `kecamatan_kelurahan`
--

INSERT INTO `kecamatan_kelurahan` (`id`, `kecamatan_id`, `kelurahan_id`, `updated_at`, `created_at`) VALUES
(7, 7, 8, '2023-05-29 08:20:10', '2023-05-29 08:20:10');

-- --------------------------------------------------------

--
-- Struktur dari tabel `kelurahan`
--

CREATE TABLE `kelurahan` (
  `id` bigint(20) UNSIGNED NOT NULL,
  `nama` varchar(128) NOT NULL,
  `updated_at` timestamp NULL DEFAULT NULL,
  `created_at` timestamp NULL DEFAULT NULL
) ENGINE=InnoDB DEFAULT CHARSET=utf8mb4;

--
-- Dumping data untuk tabel `kelurahan`
--

INSERT INTO `kelurahan` (`id`, `nama`, `updated_at`, `created_at`) VALUES
(8, 'Kabuna', '2023-05-30 02:41:47', '2023-05-29 08:18:39');

-- --------------------------------------------------------

--
-- Struktur dari tabel `kriteria`
--

CREATE TABLE `kriteria` (
  `id` bigint(20) UNSIGNED NOT NULL,
  `nama` varchar(128) NOT NULL,
  `cost_benefit` varchar(128) NOT NULL,
  `nilai_preferensi` bigint(20) NOT NULL,
  `updated_at` timestamp NULL DEFAULT NULL,
  `created_at` timestamp NULL DEFAULT NULL
) ENGINE=InnoDB DEFAULT CHARSET=utf8mb4;

--
-- Dumping data untuk tabel `kriteria`
--

INSERT INTO `kriteria` (`id`, `nama`, `cost_benefit`, `nilai_preferensi`, `updated_at`, `created_at`) VALUES
(16, 'Penghasilan Per Bulan', 'Cost', 45, '2023-05-29 03:51:32', '2023-04-21 09:18:23'),
(18, 'Jumlah Tanggungan', 'Benefit', 10, '2023-05-29 03:51:58', '2023-04-24 00:21:05'),
(19, 'Jenis Dinding Rumah', 'Cost', 10, '2023-05-29 03:52:21', '2023-04-24 00:22:28'),
(20, 'Jenis Lantai', 'Cost', 10, '2023-05-29 08:25:51', '2023-04-24 00:25:50'),
(24, 'Sumber Air', 'Cost', 10, '2023-05-29 03:52:59', '2023-05-29 03:52:59'),
(25, 'Sumber Penerangan', 'Cost', 10, '2023-05-29 03:53:17', '2023-05-29 03:53:17'),
(26, 'Jumlah Tabungan', 'Cost', 5, '2023-05-29 03:58:12', '2023-05-29 03:53:32');

-- --------------------------------------------------------

--
-- Struktur dari tabel `kriteria_sub_kriteria`
--

CREATE TABLE `kriteria_sub_kriteria` (
  `id` bigint(20) UNSIGNED NOT NULL,
  `kriteria_id` bigint(20) UNSIGNED DEFAULT NULL,
  `sub_kriteria_id` bigint(20) UNSIGNED DEFAULT NULL,
  `bobot` double NOT NULL,
  `updated_at` timestamp NULL DEFAULT NULL,
  `created_at` timestamp NULL DEFAULT NULL
) ENGINE=InnoDB DEFAULT CHARSET=utf8mb4;

--
-- Dumping data untuk tabel `kriteria_sub_kriteria`
--

INSERT INTO `kriteria_sub_kriteria` (`id`, `kriteria_id`, `sub_kriteria_id`, `bobot`, `updated_at`, `created_at`) VALUES
(51, 16, 23, 4, '2023-05-29 08:12:21', '2023-05-29 08:12:21'),
(52, 16, 24, 3, '2023-05-29 08:13:18', '2023-05-29 08:13:18'),
(53, 16, 25, 2, '2023-05-29 08:14:07', '2023-05-29 08:14:07'),
(54, 16, 26, 1, '2023-05-29 08:14:32', '2023-05-29 08:14:32'),
(55, 18, 27, 1, '2023-05-29 08:15:51', '2023-05-29 08:15:51'),
(56, 18, 28, 2, '2023-05-29 08:26:57', '2023-05-29 08:26:57'),
(57, 18, 29, 3, '2023-05-29 08:28:23', '2023-05-29 08:28:23'),
(58, 18, 30, 4, '2023-05-29 08:29:48', '2023-05-29 08:29:48'),
(59, 19, 31, 4, '2023-05-29 08:48:09', '2023-05-29 08:48:09'),
(60, 19, 32, 3, '2023-05-29 09:00:12', '2023-05-29 09:00:12'),
(61, 19, 33, 2, '2023-05-29 09:01:34', '2023-05-29 09:00:35'),
(62, 19, 34, 1, '2023-05-29 09:01:48', '2023-05-29 09:01:20'),
(63, 20, 35, 4, '2023-05-29 09:02:25', '2023-05-29 09:02:25'),
(64, 20, 36, 3, '2023-05-29 09:02:44', '2023-05-29 09:02:44'),
(65, 20, 37, 2, '2023-05-29 09:03:06', '2023-05-29 09:03:06'),
(66, 20, 38, 1, '2023-05-29 09:03:26', '2023-05-29 09:03:26'),
(67, 24, 39, 4, '2023-05-29 09:04:36', '2023-05-29 09:04:36'),
(68, 24, 40, 3, '2023-05-29 09:04:59', '2023-05-29 09:04:59'),
(69, 24, 41, 2, '2023-05-29 09:17:11', '2023-05-29 09:17:11'),
(70, 24, 42, 1, '2023-05-29 09:17:32', '2023-05-29 09:17:32'),
(71, 25, 43, 4, '2023-05-29 09:18:16', '2023-05-29 09:18:16'),
(72, 25, 45, 3, '2023-05-29 09:19:07', '2023-05-29 09:19:07'),
(73, 25, 44, 2, '2023-05-29 09:19:28', '2023-05-29 09:19:28'),
(74, 25, 46, 1, '2023-05-29 09:19:49', '2023-05-29 09:19:49'),
(75, 26, 47, 4, '2023-05-29 09:20:27', '2023-05-29 09:20:27'),
(76, 26, 48, 3, '2023-05-29 09:20:50', '2023-05-29 09:20:50'),
(77, 26, 49, 2, '2023-05-29 09:21:13', '2023-05-29 09:21:13'),
(78, 26, 50, 1, '2023-05-29 09:21:42', '2023-05-29 09:21:42');

-- --------------------------------------------------------

--
-- Struktur dari tabel `migrations`
--

CREATE TABLE `migrations` (
  `id` int(10) UNSIGNED NOT NULL,
  `migration` varchar(255) COLLATE utf8mb4_unicode_ci NOT NULL,
  `batch` int(11) NOT NULL
) ENGINE=InnoDB DEFAULT CHARSET=utf8mb4 COLLATE=utf8mb4_unicode_ci;

--
-- Dumping data untuk tabel `migrations`
--

INSERT INTO `migrations` (`id`, `migration`, `batch`) VALUES
(1, '2019_12_14_000001_create_personal_access_tokens_table', 1),
(2, '2022_09_19_134504_make_kasus_table', 1),
(3, '2022_09_19_145703_create_puskesmas_table', 2),
(4, '2022_09_19_150923_create_kecamatan_table', 3),
(6, '2022_09_19_151045_create_kelurahan_table', 4);

-- --------------------------------------------------------

--
-- Struktur dari tabel `penduduk`
--

CREATE TABLE `penduduk` (
  `id` bigint(20) UNSIGNED NOT NULL,
  `nama` varchar(128) NOT NULL,
  `nik` varchar(128) NOT NULL,
  `jk` varchar(128) NOT NULL,
  `tgl_lahir` varchar(20) NOT NULL,
  `kecamatan_id` bigint(20) UNSIGNED DEFAULT NULL,
  `kelurahan_id` bigint(20) UNSIGNED DEFAULT NULL,
  `updated_at` timestamp NULL DEFAULT NULL,
  `created_at` timestamp NULL DEFAULT NULL
) ENGINE=InnoDB DEFAULT CHARSET=utf8mb4;

--
-- Dumping data untuk tabel `penduduk`
--

INSERT INTO `penduduk` (`id`, `nama`, `nik`, `jk`, `tgl_lahir`, `kecamatan_id`, `kelurahan_id`, `updated_at`, `created_at`) VALUES
(1, 'SILVESTER', '5304160107770010', 'Laki - Laki', '27/09/1971', 7, 8, '2023-05-30 02:44:02', '0000-00-00 00:00:00'),
(2, 'STEFANUS', '5304130104880102', 'Laki - Laki', '14/04/1992', 7, 8, '2023-05-30 02:44:36', '0000-00-00 00:00:00'),
(3, 'TRENSIUS', '5304130107700006', 'Laki - Laki', '31/03/1934', 7, 8, '2023-05-30 02:44:57', '0000-00-00 00:00:00'),
(4, 'AGUSTINA', '5304134107620006', 'Perempuan', '01/08/1969', 7, 8, '2023-05-30 02:45:21', '0000-00-00 00:00:00'),
(5, 'THERESIA', '5321110810790001', 'Perempuan', '01/07/1940', 7, 8, '2023-05-30 02:45:56', '0000-00-00 00:00:00'),
(6, 'FELIX', '5304132109630001', 'Laki - Laki', '07/10/1971', 7, 8, '2023-05-30 02:46:30', '0000-00-00 00:00:00'),
(7, 'MARIA', '5304131406590002', 'Perempuan', '12/01/1980', 7, 8, '2023-05-30 02:48:07', '0000-00-00 00:00:00'),
(8, 'YOSEPH', '5304132001900002', 'Laki - Laki', '08/05/1987', 7, 8, '2023-05-30 02:48:29', '0000-00-00 00:00:00'),
(9, 'YOHANES', '5304131503700001', 'Laki - Laki', '02/02/1973', 7, 8, '2023-05-30 02:48:54', '0000-00-00 00:00:00'),
(10, 'KLEMENTIANUS', '5304131502890001', 'Laki - Laki', '27/03/1984', 7, 8, '2023-05-30 02:49:22', '0000-00-00 00:00:00'),
(11, 'DOMINGGAS', '11', 'Perempuan', '30/07/1972', 7, 8, '0000-00-00 00:00:00', '0000-00-00 00:00:00'),
(12, 'FX.SUDARMONO', '12', 'Laki - laki', '08/01/1948', 7, 8, '0000-00-00 00:00:00', '0000-00-00 00:00:00'),
(13, 'CHRISTIANA', '13', 'Perempuan', '08/01/1981', 7, 8, '0000-00-00 00:00:00', '0000-00-00 00:00:00'),
(14, 'YOHANES', '14', 'Laki - laki', '02/02/1973', 7, 8, '0000-00-00 00:00:00', '0000-00-00 00:00:00'),
(15, 'ALEXANDER', '15', 'Laki - laki', '03/02/1987', 7, 8, '0000-00-00 00:00:00', '0000-00-00 00:00:00'),
(16, 'MARTHA', '16', 'Perempuan', '31/12/1943', 7, 8, '0000-00-00 00:00:00', '0000-00-00 00:00:00'),
(17, 'AGNES', '17', 'Perempuan', '23/04/1971', 7, 8, '0000-00-00 00:00:00', '0000-00-00 00:00:00'),
(18, 'AGOSTINHO', '18', 'Laki - laki', '18/08/1980', 7, 8, '0000-00-00 00:00:00', '0000-00-00 00:00:00'),
(19, 'VINSENSIUS', '19', 'Laki - laki', '19/07/1975', 7, 8, '0000-00-00 00:00:00', '0000-00-00 00:00:00'),
(20, 'DANIEL', '20', 'Laki - laki', '01/07/1973', 7, 8, '0000-00-00 00:00:00', '0000-00-00 00:00:00'),
(21, 'PAULINO', '21', 'Laki - laki', '03/11/1970', 7, 8, '0000-00-00 00:00:00', '0000-00-00 00:00:00'),
(22, 'SIPRI', '22', 'Laki - laki', '03/10/1980', 7, 8, '0000-00-00 00:00:00', '0000-00-00 00:00:00'),
(23, 'AGNES', '23', 'Perempuan', '30/02/1981', 7, 8, '0000-00-00 00:00:00', '0000-00-00 00:00:00'),
(24, 'LUSIA', '24', 'Perempuan', '08/01/1976', 7, 8, '0000-00-00 00:00:00', '0000-00-00 00:00:00'),
(25, 'SIKUNDINA', '25', 'Laki - laki', '02/04/1984', 7, 8, '0000-00-00 00:00:00', '0000-00-00 00:00:00'),
(26, 'MARIA', '26', 'Laki - laki', '04/07/1985', 7, 8, '0000-00-00 00:00:00', '0000-00-00 00:00:00'),
(27, 'YAKOBUS', '27', 'Laki - laki', '07/02/1993', 7, 8, '0000-00-00 00:00:00', '0000-00-00 00:00:00'),
(28, 'AGUSTINUS', '28', 'Laki - laki', '12/04/1979', 7, 8, '0000-00-00 00:00:00', '0000-00-00 00:00:00'),
(29, 'FERNANDO', '29', 'Laki - laki', '15/06/1973', 7, 8, '0000-00-00 00:00:00', '0000-00-00 00:00:00'),
(30, 'ALBERTINA', '30', 'Perempuan', '10/04/1986', 7, 8, '0000-00-00 00:00:00', '0000-00-00 00:00:00'),
(31, 'ERMELINDO', '31', 'Perempuan', '08/07/1985', 7, 8, '0000-00-00 00:00:00', '0000-00-00 00:00:00'),
(32, 'DAU', '32', 'Laki - laki', '24/01/1988', 7, 8, '0000-00-00 00:00:00', '0000-00-00 00:00:00'),
(33, 'CAMILIO', '33', 'Laki - laki', '07/09/1991', 7, 8, '0000-00-00 00:00:00', '0000-00-00 00:00:00'),
(34, 'AMADEU', '34', 'Laki - laki', '31/08/1988', 7, 8, '0000-00-00 00:00:00', '0000-00-00 00:00:00'),
(35, 'JACINTA', '35', 'Perempuan', '11/06/1986', 7, 8, '0000-00-00 00:00:00', '0000-00-00 00:00:00'),
(36, 'ILI', '36', 'Perempuan', '31/12/1964', 7, 8, '0000-00-00 00:00:00', '0000-00-00 00:00:00'),
(37, 'KRISTINA', '37', 'Perempuan', '30/12/1975', 7, 8, '0000-00-00 00:00:00', '0000-00-00 00:00:00'),
(38, 'FELICIANA', '38', 'Perempuan', '01/07/1967', 7, 8, '0000-00-00 00:00:00', '0000-00-00 00:00:00'),
(39, 'FELICIANA', '39', 'Perempuan', '08/11/1981', 7, 8, '0000-00-00 00:00:00', '0000-00-00 00:00:00'),
(40, 'DUARTE', '40', 'Perempuan', '31/12/1971', 7, 8, '0000-00-00 00:00:00', '0000-00-00 00:00:00'),
(41, 'DOMINGGOS', '41', 'Laki - laki', '31/12/1964', 7, 8, '0000-00-00 00:00:00', '0000-00-00 00:00:00'),
(42, 'BUI', '42', 'Perempuan', '01/07/1967', 7, 8, '0000-00-00 00:00:00', '0000-00-00 00:00:00'),
(43, 'MANUEL', '43', 'Laki - laki', '19/12/1990', 7, 8, '0000-00-00 00:00:00', '0000-00-00 00:00:00'),
(44, 'ANTONIO', '44', 'Laki - laki', '20/12/1993', 7, 8, '0000-00-00 00:00:00', '0000-00-00 00:00:00'),
(45, 'ISAC', '45', 'Laki - laki', '12/12/1992', 7, 8, '0000-00-00 00:00:00', '0000-00-00 00:00:00'),
(46, 'EMILIA', '46', 'Perempuan', '05/12/1997', 7, 8, '0000-00-00 00:00:00', '0000-00-00 00:00:00'),
(47, 'JERALDO', '47', 'Laki - laki', '03/05/1992', 7, 8, '0000-00-00 00:00:00', '0000-00-00 00:00:00'),
(48, 'MARIA', '48', 'Perempuan', '31/12/1984', 7, 8, '0000-00-00 00:00:00', '0000-00-00 00:00:00'),
(49, 'JOHANES', '49', 'Laki - laki', '17/05/1968', 7, 8, '0000-00-00 00:00:00', '0000-00-00 00:00:00'),
(50, 'BUI', '50', 'Perempuan', '05/02/1983', 7, 8, '0000-00-00 00:00:00', '0000-00-00 00:00:00');

-- --------------------------------------------------------

--
-- Struktur dari tabel `penduduk_sub_kriteria`
--

CREATE TABLE `penduduk_sub_kriteria` (
  `id` bigint(20) UNSIGNED NOT NULL,
  `penduduk_id` bigint(20) UNSIGNED NOT NULL,
  `kriteria_id` bigint(20) UNSIGNED DEFAULT NULL,
  `sub_kriteria_id` bigint(20) UNSIGNED NOT NULL,
  `updated_at` timestamp NULL DEFAULT NULL,
  `created_at` timestamp NULL DEFAULT NULL
) ENGINE=InnoDB DEFAULT CHARSET=utf8mb4;

--
-- Dumping data untuk tabel `penduduk_sub_kriteria`
--

INSERT INTO `penduduk_sub_kriteria` (`id`, `penduduk_id`, `kriteria_id`, `sub_kriteria_id`, `updated_at`, `created_at`) VALUES
(7, 1, 16, 26, '0000-00-00 00:00:00', '0000-00-00 00:00:00'),
(8, 1, 18, 29, '0000-00-00 00:00:00', '0000-00-00 00:00:00'),
(9, 1, 19, 34, '0000-00-00 00:00:00', '0000-00-00 00:00:00'),
(10, 1, 20, 38, '0000-00-00 00:00:00', '0000-00-00 00:00:00'),
(11, 1, 24, 41, '0000-00-00 00:00:00', '0000-00-00 00:00:00'),
(12, 1, 25, 45, '0000-00-00 00:00:00', '0000-00-00 00:00:00'),
(13, 1, 26, 50, '0000-00-00 00:00:00', '0000-00-00 00:00:00'),
(14, 2, 16, 23, '0000-00-00 00:00:00', '0000-00-00 00:00:00'),
(15, 2, 18, 28, '0000-00-00 00:00:00', '0000-00-00 00:00:00'),
(16, 2, 19, 31, '0000-00-00 00:00:00', '0000-00-00 00:00:00'),
(17, 2, 20, 35, '0000-00-00 00:00:00', '0000-00-00 00:00:00'),
(18, 2, 24, 39, '0000-00-00 00:00:00', '0000-00-00 00:00:00'),
(19, 2, 25, 45, '0000-00-00 00:00:00', '0000-00-00 00:00:00'),
(20, 2, 26, 48, '0000-00-00 00:00:00', '0000-00-00 00:00:00'),
(21, 3, 16, 25, '0000-00-00 00:00:00', '0000-00-00 00:00:00'),
(22, 3, 18, 27, '0000-00-00 00:00:00', '0000-00-00 00:00:00'),
(23, 3, 19, 31, '0000-00-00 00:00:00', '0000-00-00 00:00:00'),
(24, 3, 20, 36, '0000-00-00 00:00:00', '0000-00-00 00:00:00'),
(25, 3, 24, 40, '0000-00-00 00:00:00', '0000-00-00 00:00:00'),
(26, 3, 25, 45, '0000-00-00 00:00:00', '0000-00-00 00:00:00'),
(27, 3, 26, 47, '0000-00-00 00:00:00', '0000-00-00 00:00:00'),
(28, 4, 16, 26, '0000-00-00 00:00:00', '0000-00-00 00:00:00'),
(29, 4, 18, 29, '0000-00-00 00:00:00', '0000-00-00 00:00:00'),
(30, 4, 19, 32, '0000-00-00 00:00:00', '0000-00-00 00:00:00'),
(31, 4, 20, 36, '0000-00-00 00:00:00', '0000-00-00 00:00:00'),
(32, 4, 24, 41, '0000-00-00 00:00:00', '0000-00-00 00:00:00'),
(33, 4, 25, 43, '0000-00-00 00:00:00', '0000-00-00 00:00:00'),
(34, 4, 26, 50, '0000-00-00 00:00:00', '0000-00-00 00:00:00'),
(35, 5, 16, 26, '0000-00-00 00:00:00', '0000-00-00 00:00:00'),
(36, 5, 18, 30, '0000-00-00 00:00:00', '0000-00-00 00:00:00'),
(37, 5, 19, 32, '0000-00-00 00:00:00', '0000-00-00 00:00:00'),
(38, 5, 20, 36, '0000-00-00 00:00:00', '0000-00-00 00:00:00'),
(39, 5, 24, 41, '0000-00-00 00:00:00', '0000-00-00 00:00:00'),
(40, 5, 25, 43, '0000-00-00 00:00:00', '0000-00-00 00:00:00'),
(41, 5, 26, 50, '0000-00-00 00:00:00', '0000-00-00 00:00:00'),
(42, 6, 16, 24, '0000-00-00 00:00:00', '0000-00-00 00:00:00'),
(43, 6, 18, 29, '0000-00-00 00:00:00', '0000-00-00 00:00:00'),
(44, 6, 19, 32, '0000-00-00 00:00:00', '0000-00-00 00:00:00'),
(45, 6, 20, 36, '0000-00-00 00:00:00', '0000-00-00 00:00:00'),
(46, 6, 24, 40, '0000-00-00 00:00:00', '0000-00-00 00:00:00'),
(47, 6, 25, 43, '0000-00-00 00:00:00', '0000-00-00 00:00:00'),
(48, 6, 26, 47, '0000-00-00 00:00:00', '0000-00-00 00:00:00'),
(49, 7, 16, 23, '0000-00-00 00:00:00', '0000-00-00 00:00:00'),
(50, 7, 18, 29, '0000-00-00 00:00:00', '0000-00-00 00:00:00'),
(51, 7, 19, 31, '0000-00-00 00:00:00', '0000-00-00 00:00:00'),
(52, 7, 20, 35, '0000-00-00 00:00:00', '0000-00-00 00:00:00'),
(53, 7, 24, 39, '0000-00-00 00:00:00', '0000-00-00 00:00:00'),
(54, 7, 25, 43, '0000-00-00 00:00:00', '0000-00-00 00:00:00'),
(55, 7, 26, 47, '0000-00-00 00:00:00', '0000-00-00 00:00:00'),
(56, 8, 16, 24, '0000-00-00 00:00:00', '0000-00-00 00:00:00'),
(57, 8, 18, 28, '0000-00-00 00:00:00', '0000-00-00 00:00:00'),
(58, 8, 19, 31, '0000-00-00 00:00:00', '0000-00-00 00:00:00'),
(59, 8, 20, 36, '0000-00-00 00:00:00', '0000-00-00 00:00:00'),
(60, 8, 24, 39, '0000-00-00 00:00:00', '0000-00-00 00:00:00'),
(61, 8, 25, 43, '0000-00-00 00:00:00', '0000-00-00 00:00:00'),
(62, 8, 26, 47, '0000-00-00 00:00:00', '0000-00-00 00:00:00'),
(63, 9, 16, 26, '0000-00-00 00:00:00', '0000-00-00 00:00:00'),
(64, 9, 18, 29, '0000-00-00 00:00:00', '0000-00-00 00:00:00'),
(65, 9, 19, 32, '0000-00-00 00:00:00', '0000-00-00 00:00:00'),
(66, 9, 20, 36, '0000-00-00 00:00:00', '0000-00-00 00:00:00'),
(67, 9, 24, 41, '0000-00-00 00:00:00', '0000-00-00 00:00:00'),
(68, 9, 25, 43, '0000-00-00 00:00:00', '0000-00-00 00:00:00'),
(69, 9, 26, 50, '0000-00-00 00:00:00', '0000-00-00 00:00:00'),
(70, 10, 16, 23, '0000-00-00 00:00:00', '0000-00-00 00:00:00'),
(71, 10, 18, 28, '0000-00-00 00:00:00', '0000-00-00 00:00:00'),
(72, 10, 19, 31, '0000-00-00 00:00:00', '0000-00-00 00:00:00'),
(73, 10, 20, 35, '0000-00-00 00:00:00', '0000-00-00 00:00:00'),
(74, 10, 24, 39, '0000-00-00 00:00:00', '0000-00-00 00:00:00'),
(75, 10, 25, 43, '0000-00-00 00:00:00', '0000-00-00 00:00:00'),
(76, 10, 26, 48, '0000-00-00 00:00:00', '0000-00-00 00:00:00'),
(77, 11, 16, 25, '0000-00-00 00:00:00', '0000-00-00 00:00:00'),
(78, 11, 18, 28, '0000-00-00 00:00:00', '0000-00-00 00:00:00'),
(79, 11, 19, 32, '0000-00-00 00:00:00', '0000-00-00 00:00:00'),
(80, 11, 20, 36, '0000-00-00 00:00:00', '0000-00-00 00:00:00'),
(81, 11, 24, 40, '0000-00-00 00:00:00', '0000-00-00 00:00:00'),
(82, 11, 25, 43, '0000-00-00 00:00:00', '0000-00-00 00:00:00'),
(83, 11, 26, 47, '0000-00-00 00:00:00', '0000-00-00 00:00:00'),
(84, 12, 16, 24, '0000-00-00 00:00:00', '0000-00-00 00:00:00'),
(85, 12, 18, 29, '0000-00-00 00:00:00', '0000-00-00 00:00:00'),
(86, 12, 19, 31, '0000-00-00 00:00:00', '0000-00-00 00:00:00'),
(87, 12, 20, 35, '0000-00-00 00:00:00', '0000-00-00 00:00:00'),
(88, 12, 24, 40, '0000-00-00 00:00:00', '0000-00-00 00:00:00'),
(89, 12, 25, 43, '0000-00-00 00:00:00', '0000-00-00 00:00:00'),
(90, 12, 26, 47, '0000-00-00 00:00:00', '0000-00-00 00:00:00'),
(91, 13, 16, 23, '0000-00-00 00:00:00', '0000-00-00 00:00:00'),
(92, 13, 18, 28, '0000-00-00 00:00:00', '0000-00-00 00:00:00'),
(93, 13, 19, 31, '0000-00-00 00:00:00', '0000-00-00 00:00:00'),
(94, 13, 20, 35, '0000-00-00 00:00:00', '0000-00-00 00:00:00'),
(95, 13, 24, 39, '0000-00-00 00:00:00', '0000-00-00 00:00:00'),
(96, 13, 25, 43, '0000-00-00 00:00:00', '0000-00-00 00:00:00'),
(97, 13, 26, 47, '0000-00-00 00:00:00', '0000-00-00 00:00:00'),
(98, 14, 16, 26, '0000-00-00 00:00:00', '0000-00-00 00:00:00'),
(99, 14, 18, 29, '0000-00-00 00:00:00', '0000-00-00 00:00:00'),
(100, 14, 19, 32, '0000-00-00 00:00:00', '0000-00-00 00:00:00'),
(101, 14, 20, 36, '0000-00-00 00:00:00', '0000-00-00 00:00:00'),
(102, 14, 24, 41, '0000-00-00 00:00:00', '0000-00-00 00:00:00'),
(103, 14, 25, 43, '0000-00-00 00:00:00', '0000-00-00 00:00:00'),
(104, 14, 26, 50, '0000-00-00 00:00:00', '0000-00-00 00:00:00'),
(105, 15, 16, 24, '0000-00-00 00:00:00', '0000-00-00 00:00:00'),
(106, 15, 18, 29, '0000-00-00 00:00:00', '0000-00-00 00:00:00'),
(107, 15, 19, 31, '0000-00-00 00:00:00', '0000-00-00 00:00:00'),
(108, 15, 20, 36, '0000-00-00 00:00:00', '0000-00-00 00:00:00'),
(109, 15, 24, 40, '0000-00-00 00:00:00', '0000-00-00 00:00:00'),
(110, 15, 25, 43, '0000-00-00 00:00:00', '0000-00-00 00:00:00'),
(111, 15, 26, 47, '0000-00-00 00:00:00', '0000-00-00 00:00:00'),
(112, 16, 16, 25, '0000-00-00 00:00:00', '0000-00-00 00:00:00'),
(113, 16, 18, 27, '0000-00-00 00:00:00', '0000-00-00 00:00:00'),
(114, 16, 19, 32, '0000-00-00 00:00:00', '0000-00-00 00:00:00'),
(115, 16, 20, 36, '0000-00-00 00:00:00', '0000-00-00 00:00:00'),
(116, 16, 24, 41, '0000-00-00 00:00:00', '0000-00-00 00:00:00'),
(117, 16, 25, 43, '0000-00-00 00:00:00', '0000-00-00 00:00:00'),
(118, 16, 26, 50, '0000-00-00 00:00:00', '0000-00-00 00:00:00'),
(119, 17, 16, 25, '0000-00-00 00:00:00', '0000-00-00 00:00:00'),
(120, 17, 18, 28, '0000-00-00 00:00:00', '0000-00-00 00:00:00'),
(121, 17, 19, 31, '0000-00-00 00:00:00', '0000-00-00 00:00:00'),
(122, 17, 20, 36, '0000-00-00 00:00:00', '0000-00-00 00:00:00'),
(123, 17, 24, 40, '0000-00-00 00:00:00', '0000-00-00 00:00:00'),
(124, 17, 25, 43, '0000-00-00 00:00:00', '0000-00-00 00:00:00'),
(125, 17, 26, 50, '0000-00-00 00:00:00', '0000-00-00 00:00:00'),
(126, 18, 16, 24, '0000-00-00 00:00:00', '0000-00-00 00:00:00'),
(127, 18, 18, 28, '0000-00-00 00:00:00', '0000-00-00 00:00:00'),
(128, 18, 19, 31, '0000-00-00 00:00:00', '0000-00-00 00:00:00'),
(129, 18, 20, 35, '0000-00-00 00:00:00', '0000-00-00 00:00:00'),
(130, 18, 24, 39, '0000-00-00 00:00:00', '0000-00-00 00:00:00'),
(131, 18, 25, 43, '0000-00-00 00:00:00', '0000-00-00 00:00:00'),
(132, 18, 26, 47, '0000-00-00 00:00:00', '0000-00-00 00:00:00'),
(133, 19, 16, 23, '0000-00-00 00:00:00', '0000-00-00 00:00:00'),
(134, 19, 18, 29, '0000-00-00 00:00:00', '0000-00-00 00:00:00'),
(135, 19, 19, 31, '0000-00-00 00:00:00', '0000-00-00 00:00:00'),
(136, 19, 20, 35, '0000-00-00 00:00:00', '0000-00-00 00:00:00'),
(137, 19, 24, 39, '0000-00-00 00:00:00', '0000-00-00 00:00:00'),
(138, 19, 25, 43, '0000-00-00 00:00:00', '0000-00-00 00:00:00'),
(139, 19, 26, 47, '0000-00-00 00:00:00', '0000-00-00 00:00:00'),
(140, 20, 16, 25, '0000-00-00 00:00:00', '0000-00-00 00:00:00'),
(141, 20, 18, 29, '0000-00-00 00:00:00', '0000-00-00 00:00:00'),
(142, 20, 19, 32, '0000-00-00 00:00:00', '0000-00-00 00:00:00'),
(143, 20, 20, 36, '0000-00-00 00:00:00', '0000-00-00 00:00:00'),
(144, 20, 24, 41, '0000-00-00 00:00:00', '0000-00-00 00:00:00'),
(145, 20, 25, 43, '0000-00-00 00:00:00', '0000-00-00 00:00:00'),
(146, 20, 26, 50, '0000-00-00 00:00:00', '0000-00-00 00:00:00'),
(147, 21, 16, 25, '0000-00-00 00:00:00', '0000-00-00 00:00:00'),
(148, 21, 18, 28, '0000-00-00 00:00:00', '0000-00-00 00:00:00'),
(149, 21, 19, 32, '0000-00-00 00:00:00', '0000-00-00 00:00:00'),
(150, 21, 20, 36, '0000-00-00 00:00:00', '0000-00-00 00:00:00'),
(151, 21, 24, 41, '0000-00-00 00:00:00', '0000-00-00 00:00:00'),
(152, 21, 25, 43, '0000-00-00 00:00:00', '0000-00-00 00:00:00'),
(153, 21, 26, 50, '0000-00-00 00:00:00', '0000-00-00 00:00:00'),
(154, 22, 16, 24, '0000-00-00 00:00:00', '0000-00-00 00:00:00'),
(155, 22, 18, 27, '0000-00-00 00:00:00', '0000-00-00 00:00:00'),
(156, 22, 19, 32, '0000-00-00 00:00:00', '0000-00-00 00:00:00'),
(157, 22, 20, 36, '0000-00-00 00:00:00', '0000-00-00 00:00:00'),
(158, 22, 24, 40, '0000-00-00 00:00:00', '0000-00-00 00:00:00'),
(159, 22, 25, 43, '0000-00-00 00:00:00', '0000-00-00 00:00:00'),
(160, 22, 26, 47, '0000-00-00 00:00:00', '0000-00-00 00:00:00'),
(161, 23, 16, 26, '0000-00-00 00:00:00', '0000-00-00 00:00:00'),
(162, 23, 18, 28, '0000-00-00 00:00:00', '0000-00-00 00:00:00'),
(163, 23, 19, 32, '0000-00-00 00:00:00', '0000-00-00 00:00:00'),
(164, 23, 20, 36, '0000-00-00 00:00:00', '0000-00-00 00:00:00'),
(165, 23, 24, 40, '0000-00-00 00:00:00', '0000-00-00 00:00:00'),
(166, 23, 25, 43, '0000-00-00 00:00:00', '0000-00-00 00:00:00'),
(167, 23, 26, 50, '0000-00-00 00:00:00', '0000-00-00 00:00:00'),
(168, 24, 16, 26, '0000-00-00 00:00:00', '0000-00-00 00:00:00'),
(169, 24, 18, 29, '0000-00-00 00:00:00', '0000-00-00 00:00:00'),
(170, 24, 19, 32, '0000-00-00 00:00:00', '0000-00-00 00:00:00'),
(171, 24, 20, 36, '0000-00-00 00:00:00', '0000-00-00 00:00:00'),
(172, 24, 24, 40, '0000-00-00 00:00:00', '0000-00-00 00:00:00'),
(173, 24, 25, 43, '0000-00-00 00:00:00', '0000-00-00 00:00:00'),
(174, 24, 26, 50, '0000-00-00 00:00:00', '0000-00-00 00:00:00'),
(175, 25, 16, 26, '0000-00-00 00:00:00', '0000-00-00 00:00:00'),
(176, 25, 18, 29, '0000-00-00 00:00:00', '0000-00-00 00:00:00'),
(177, 25, 19, 32, '0000-00-00 00:00:00', '0000-00-00 00:00:00'),
(178, 25, 20, 36, '0000-00-00 00:00:00', '0000-00-00 00:00:00'),
(179, 25, 24, 40, '0000-00-00 00:00:00', '0000-00-00 00:00:00'),
(180, 25, 25, 43, '0000-00-00 00:00:00', '0000-00-00 00:00:00'),
(181, 25, 26, 50, '0000-00-00 00:00:00', '0000-00-00 00:00:00'),
(182, 26, 16, 26, '0000-00-00 00:00:00', '0000-00-00 00:00:00'),
(183, 26, 18, 29, '0000-00-00 00:00:00', '0000-00-00 00:00:00'),
(184, 26, 19, 32, '0000-00-00 00:00:00', '0000-00-00 00:00:00'),
(185, 26, 20, 36, '0000-00-00 00:00:00', '0000-00-00 00:00:00'),
(186, 26, 24, 40, '0000-00-00 00:00:00', '0000-00-00 00:00:00'),
(187, 26, 25, 43, '0000-00-00 00:00:00', '0000-00-00 00:00:00'),
(188, 26, 26, 50, '0000-00-00 00:00:00', '0000-00-00 00:00:00'),
(189, 27, 16, 25, '0000-00-00 00:00:00', '0000-00-00 00:00:00'),
(190, 27, 18, 29, '0000-00-00 00:00:00', '0000-00-00 00:00:00'),
(191, 27, 19, 31, '0000-00-00 00:00:00', '0000-00-00 00:00:00'),
(192, 27, 20, 36, '0000-00-00 00:00:00', '0000-00-00 00:00:00'),
(193, 27, 24, 39, '0000-00-00 00:00:00', '0000-00-00 00:00:00'),
(194, 27, 25, 43, '0000-00-00 00:00:00', '0000-00-00 00:00:00'),
(195, 27, 26, 47, '0000-00-00 00:00:00', '0000-00-00 00:00:00'),
(196, 28, 16, 24, '0000-00-00 00:00:00', '0000-00-00 00:00:00'),
(197, 28, 18, 28, '0000-00-00 00:00:00', '0000-00-00 00:00:00'),
(198, 28, 19, 31, '0000-00-00 00:00:00', '0000-00-00 00:00:00'),
(199, 28, 20, 36, '0000-00-00 00:00:00', '0000-00-00 00:00:00'),
(200, 28, 24, 39, '0000-00-00 00:00:00', '0000-00-00 00:00:00'),
(201, 28, 25, 43, '0000-00-00 00:00:00', '0000-00-00 00:00:00'),
(202, 28, 26, 47, '0000-00-00 00:00:00', '0000-00-00 00:00:00'),
(203, 29, 16, 25, '0000-00-00 00:00:00', '0000-00-00 00:00:00'),
(204, 29, 18, 28, '0000-00-00 00:00:00', '0000-00-00 00:00:00'),
(205, 29, 19, 31, '0000-00-00 00:00:00', '0000-00-00 00:00:00'),
(206, 29, 20, 36, '0000-00-00 00:00:00', '0000-00-00 00:00:00'),
(207, 29, 24, 39, '0000-00-00 00:00:00', '0000-00-00 00:00:00'),
(208, 29, 25, 43, '0000-00-00 00:00:00', '0000-00-00 00:00:00'),
(209, 29, 26, 47, '0000-00-00 00:00:00', '0000-00-00 00:00:00'),
(210, 30, 16, 23, '0000-00-00 00:00:00', '0000-00-00 00:00:00'),
(211, 30, 18, 28, '0000-00-00 00:00:00', '0000-00-00 00:00:00'),
(212, 30, 19, 31, '0000-00-00 00:00:00', '0000-00-00 00:00:00'),
(213, 30, 20, 35, '0000-00-00 00:00:00', '0000-00-00 00:00:00'),
(214, 30, 24, 39, '0000-00-00 00:00:00', '0000-00-00 00:00:00'),
(215, 30, 25, 43, '0000-00-00 00:00:00', '0000-00-00 00:00:00'),
(216, 30, 26, 47, '0000-00-00 00:00:00', '0000-00-00 00:00:00'),
(217, 31, 16, 24, '0000-00-00 00:00:00', '0000-00-00 00:00:00'),
(218, 31, 18, 28, '0000-00-00 00:00:00', '0000-00-00 00:00:00'),
(219, 31, 19, 31, '0000-00-00 00:00:00', '0000-00-00 00:00:00'),
(220, 31, 20, 35, '0000-00-00 00:00:00', '0000-00-00 00:00:00'),
(221, 31, 24, 39, '0000-00-00 00:00:00', '0000-00-00 00:00:00'),
(222, 31, 25, 43, '0000-00-00 00:00:00', '0000-00-00 00:00:00'),
(223, 31, 26, 47, '0000-00-00 00:00:00', '0000-00-00 00:00:00'),
(224, 32, 16, 24, '0000-00-00 00:00:00', '0000-00-00 00:00:00'),
(225, 32, 18, 28, '0000-00-00 00:00:00', '0000-00-00 00:00:00'),
(226, 32, 19, 31, '0000-00-00 00:00:00', '0000-00-00 00:00:00'),
(227, 32, 20, 35, '0000-00-00 00:00:00', '0000-00-00 00:00:00'),
(228, 32, 24, 39, '0000-00-00 00:00:00', '0000-00-00 00:00:00'),
(229, 32, 25, 43, '0000-00-00 00:00:00', '0000-00-00 00:00:00'),
(230, 32, 26, 47, '0000-00-00 00:00:00', '0000-00-00 00:00:00'),
(231, 33, 16, 26, '0000-00-00 00:00:00', '0000-00-00 00:00:00'),
(232, 33, 18, 30, '0000-00-00 00:00:00', '0000-00-00 00:00:00'),
(233, 33, 19, 32, '0000-00-00 00:00:00', '0000-00-00 00:00:00'),
(234, 33, 20, 36, '0000-00-00 00:00:00', '0000-00-00 00:00:00'),
(235, 33, 24, 40, '0000-00-00 00:00:00', '0000-00-00 00:00:00'),
(236, 33, 25, 43, '0000-00-00 00:00:00', '0000-00-00 00:00:00'),
(237, 33, 26, 50, '0000-00-00 00:00:00', '0000-00-00 00:00:00'),
(238, 34, 16, 24, '0000-00-00 00:00:00', '0000-00-00 00:00:00'),
(239, 34, 18, 27, '0000-00-00 00:00:00', '0000-00-00 00:00:00'),
(240, 34, 19, 32, '0000-00-00 00:00:00', '0000-00-00 00:00:00'),
(241, 34, 20, 36, '0000-00-00 00:00:00', '0000-00-00 00:00:00'),
(242, 34, 24, 40, '0000-00-00 00:00:00', '0000-00-00 00:00:00'),
(243, 34, 25, 43, '0000-00-00 00:00:00', '0000-00-00 00:00:00'),
(244, 34, 26, 47, '0000-00-00 00:00:00', '0000-00-00 00:00:00'),
(245, 35, 16, 23, '0000-00-00 00:00:00', '0000-00-00 00:00:00'),
(246, 35, 18, 28, '0000-00-00 00:00:00', '0000-00-00 00:00:00'),
(247, 35, 19, 31, '0000-00-00 00:00:00', '0000-00-00 00:00:00'),
(248, 35, 20, 35, '0000-00-00 00:00:00', '0000-00-00 00:00:00'),
(249, 35, 24, 39, '0000-00-00 00:00:00', '0000-00-00 00:00:00'),
(250, 35, 25, 43, '0000-00-00 00:00:00', '0000-00-00 00:00:00'),
(251, 35, 26, 50, '0000-00-00 00:00:00', '0000-00-00 00:00:00'),
(252, 36, 16, 25, '0000-00-00 00:00:00', '0000-00-00 00:00:00'),
(253, 36, 18, 29, '0000-00-00 00:00:00', '0000-00-00 00:00:00'),
(254, 36, 19, 32, '0000-00-00 00:00:00', '0000-00-00 00:00:00'),
(255, 36, 20, 36, '0000-00-00 00:00:00', '0000-00-00 00:00:00'),
(256, 36, 24, 40, '0000-00-00 00:00:00', '0000-00-00 00:00:00'),
(257, 36, 25, 43, '0000-00-00 00:00:00', '0000-00-00 00:00:00'),
(258, 36, 26, 47, '0000-00-00 00:00:00', '0000-00-00 00:00:00'),
(259, 37, 16, 24, '0000-00-00 00:00:00', '0000-00-00 00:00:00'),
(260, 37, 18, 28, '0000-00-00 00:00:00', '0000-00-00 00:00:00'),
(261, 37, 19, 31, '0000-00-00 00:00:00', '0000-00-00 00:00:00'),
(262, 37, 20, 35, '0000-00-00 00:00:00', '0000-00-00 00:00:00'),
(263, 37, 24, 39, '0000-00-00 00:00:00', '0000-00-00 00:00:00'),
(264, 37, 25, 43, '0000-00-00 00:00:00', '0000-00-00 00:00:00'),
(265, 37, 26, 47, '0000-00-00 00:00:00', '0000-00-00 00:00:00'),
(266, 38, 16, 23, '0000-00-00 00:00:00', '0000-00-00 00:00:00'),
(267, 38, 18, 30, '0000-00-00 00:00:00', '0000-00-00 00:00:00'),
(268, 38, 19, 31, '0000-00-00 00:00:00', '0000-00-00 00:00:00'),
(269, 38, 20, 35, '0000-00-00 00:00:00', '0000-00-00 00:00:00'),
(270, 38, 24, 39, '0000-00-00 00:00:00', '0000-00-00 00:00:00'),
(271, 38, 25, 43, '0000-00-00 00:00:00', '0000-00-00 00:00:00'),
(272, 38, 26, 47, '0000-00-00 00:00:00', '0000-00-00 00:00:00'),
(273, 39, 16, 25, '0000-00-00 00:00:00', '0000-00-00 00:00:00'),
(274, 39, 18, 28, '0000-00-00 00:00:00', '0000-00-00 00:00:00'),
(275, 39, 19, 32, '0000-00-00 00:00:00', '0000-00-00 00:00:00'),
(276, 39, 20, 36, '0000-00-00 00:00:00', '0000-00-00 00:00:00'),
(277, 39, 24, 41, '0000-00-00 00:00:00', '0000-00-00 00:00:00'),
(278, 39, 25, 43, '0000-00-00 00:00:00', '0000-00-00 00:00:00'),
(279, 39, 26, 47, '0000-00-00 00:00:00', '0000-00-00 00:00:00'),
(280, 40, 16, 26, '0000-00-00 00:00:00', '0000-00-00 00:00:00'),
(281, 40, 18, 29, '0000-00-00 00:00:00', '0000-00-00 00:00:00'),
(282, 40, 19, 34, '0000-00-00 00:00:00', '0000-00-00 00:00:00'),
(283, 40, 20, 38, '0000-00-00 00:00:00', '0000-00-00 00:00:00'),
(284, 40, 24, 41, '0000-00-00 00:00:00', '0000-00-00 00:00:00'),
(285, 40, 25, 45, '0000-00-00 00:00:00', '0000-00-00 00:00:00'),
(286, 40, 26, 50, '0000-00-00 00:00:00', '0000-00-00 00:00:00'),
(287, 41, 16, 26, '0000-00-00 00:00:00', '0000-00-00 00:00:00'),
(288, 41, 18, 29, '0000-00-00 00:00:00', '0000-00-00 00:00:00'),
(289, 41, 19, 34, '0000-00-00 00:00:00', '0000-00-00 00:00:00'),
(290, 41, 20, 38, '0000-00-00 00:00:00', '0000-00-00 00:00:00'),
(291, 41, 24, 41, '0000-00-00 00:00:00', '0000-00-00 00:00:00'),
(292, 41, 25, 45, '0000-00-00 00:00:00', '0000-00-00 00:00:00'),
(293, 41, 26, 50, '0000-00-00 00:00:00', '0000-00-00 00:00:00'),
(294, 42, 16, 25, '0000-00-00 00:00:00', '0000-00-00 00:00:00'),
(295, 42, 18, 27, '0000-00-00 00:00:00', '0000-00-00 00:00:00'),
(296, 42, 19, 32, '0000-00-00 00:00:00', '0000-00-00 00:00:00'),
(297, 42, 20, 36, '0000-00-00 00:00:00', '0000-00-00 00:00:00'),
(298, 42, 24, 40, '0000-00-00 00:00:00', '0000-00-00 00:00:00'),
(299, 42, 25, 43, '0000-00-00 00:00:00', '0000-00-00 00:00:00'),
(300, 42, 26, 47, '0000-00-00 00:00:00', '0000-00-00 00:00:00'),
(301, 43, 16, 25, '0000-00-00 00:00:00', '0000-00-00 00:00:00'),
(302, 43, 18, 27, '0000-00-00 00:00:00', '0000-00-00 00:00:00'),
(303, 43, 19, 32, '0000-00-00 00:00:00', '0000-00-00 00:00:00'),
(304, 43, 20, 36, '0000-00-00 00:00:00', '0000-00-00 00:00:00'),
(305, 43, 24, 40, '0000-00-00 00:00:00', '0000-00-00 00:00:00'),
(306, 43, 25, 43, '0000-00-00 00:00:00', '0000-00-00 00:00:00'),
(307, 43, 26, 47, '0000-00-00 00:00:00', '0000-00-00 00:00:00'),
(308, 44, 16, 23, '0000-00-00 00:00:00', '0000-00-00 00:00:00'),
(309, 44, 18, 28, '0000-00-00 00:00:00', '0000-00-00 00:00:00'),
(310, 44, 19, 31, '0000-00-00 00:00:00', '0000-00-00 00:00:00'),
(311, 44, 20, 35, '0000-00-00 00:00:00', '0000-00-00 00:00:00'),
(312, 44, 24, 39, '0000-00-00 00:00:00', '0000-00-00 00:00:00'),
(313, 44, 25, 43, '0000-00-00 00:00:00', '0000-00-00 00:00:00'),
(314, 44, 26, 48, '0000-00-00 00:00:00', '0000-00-00 00:00:00'),
(315, 45, 16, 23, '0000-00-00 00:00:00', '0000-00-00 00:00:00'),
(316, 45, 18, 28, '0000-00-00 00:00:00', '0000-00-00 00:00:00'),
(317, 45, 19, 32, '0000-00-00 00:00:00', '0000-00-00 00:00:00'),
(318, 45, 20, 36, '0000-00-00 00:00:00', '0000-00-00 00:00:00'),
(319, 45, 24, 40, '0000-00-00 00:00:00', '0000-00-00 00:00:00'),
(320, 45, 25, 43, '0000-00-00 00:00:00', '0000-00-00 00:00:00'),
(321, 45, 26, 47, '0000-00-00 00:00:00', '0000-00-00 00:00:00'),
(322, 46, 16, 25, '0000-00-00 00:00:00', '0000-00-00 00:00:00'),
(323, 46, 18, 28, '0000-00-00 00:00:00', '0000-00-00 00:00:00'),
(324, 46, 19, 32, '0000-00-00 00:00:00', '0000-00-00 00:00:00'),
(325, 46, 20, 36, '0000-00-00 00:00:00', '0000-00-00 00:00:00'),
(326, 46, 24, 40, '0000-00-00 00:00:00', '0000-00-00 00:00:00'),
(327, 46, 25, 43, '0000-00-00 00:00:00', '0000-00-00 00:00:00'),
(328, 46, 26, 47, '0000-00-00 00:00:00', '0000-00-00 00:00:00'),
(329, 47, 16, 25, '0000-00-00 00:00:00', '0000-00-00 00:00:00'),
(330, 47, 18, 28, '0000-00-00 00:00:00', '0000-00-00 00:00:00'),
(331, 47, 19, 32, '0000-00-00 00:00:00', '0000-00-00 00:00:00'),
(332, 47, 20, 36, '0000-00-00 00:00:00', '0000-00-00 00:00:00'),
(333, 47, 24, 40, '0000-00-00 00:00:00', '0000-00-00 00:00:00'),
(334, 47, 25, 43, '0000-00-00 00:00:00', '0000-00-00 00:00:00'),
(335, 47, 26, 47, '0000-00-00 00:00:00', '0000-00-00 00:00:00'),
(336, 48, 16, 26, '0000-00-00 00:00:00', '0000-00-00 00:00:00'),
(337, 48, 18, 30, '0000-00-00 00:00:00', '0000-00-00 00:00:00'),
(338, 48, 19, 32, '0000-00-00 00:00:00', '0000-00-00 00:00:00'),
(339, 48, 20, 36, '0000-00-00 00:00:00', '0000-00-00 00:00:00'),
(340, 48, 24, 41, '0000-00-00 00:00:00', '0000-00-00 00:00:00'),
(341, 48, 25, 43, '0000-00-00 00:00:00', '0000-00-00 00:00:00'),
(342, 48, 26, 50, '0000-00-00 00:00:00', '0000-00-00 00:00:00'),
(343, 49, 16, 26, '0000-00-00 00:00:00', '0000-00-00 00:00:00'),
(344, 49, 18, 29, '0000-00-00 00:00:00', '0000-00-00 00:00:00'),
(345, 49, 19, 32, '0000-00-00 00:00:00', '0000-00-00 00:00:00'),
(346, 49, 20, 36, '0000-00-00 00:00:00', '0000-00-00 00:00:00'),
(347, 49, 24, 41, '0000-00-00 00:00:00', '0000-00-00 00:00:00'),
(348, 49, 25, 43, '0000-00-00 00:00:00', '0000-00-00 00:00:00'),
(349, 49, 26, 50, '0000-00-00 00:00:00', '0000-00-00 00:00:00'),
(350, 50, 16, 23, '0000-00-00 00:00:00', '0000-00-00 00:00:00'),
(351, 50, 18, 28, '0000-00-00 00:00:00', '0000-00-00 00:00:00'),
(352, 50, 19, 31, '0000-00-00 00:00:00', '0000-00-00 00:00:00'),
(353, 50, 20, 35, '0000-00-00 00:00:00', '0000-00-00 00:00:00'),
(354, 50, 24, 39, '0000-00-00 00:00:00', '0000-00-00 00:00:00'),
(355, 50, 25, 43, '0000-00-00 00:00:00', '0000-00-00 00:00:00'),
(356, 50, 26, 48, '0000-00-00 00:00:00', '0000-00-00 00:00:00');

-- --------------------------------------------------------

--
-- Struktur dari tabel `personal_access_tokens`
--

CREATE TABLE `personal_access_tokens` (
  `id` bigint(20) UNSIGNED NOT NULL,
  `tokenable_type` varchar(255) COLLATE utf8mb4_unicode_ci NOT NULL,
  `tokenable_id` bigint(20) UNSIGNED NOT NULL,
  `name` varchar(255) COLLATE utf8mb4_unicode_ci NOT NULL,
  `token` varchar(64) COLLATE utf8mb4_unicode_ci NOT NULL,
  `abilities` text COLLATE utf8mb4_unicode_ci DEFAULT NULL,
  `last_used_at` timestamp NULL DEFAULT NULL,
  `expires_at` timestamp NULL DEFAULT NULL,
  `created_at` timestamp NULL DEFAULT NULL,
  `updated_at` timestamp NULL DEFAULT NULL
) ENGINE=InnoDB DEFAULT CHARSET=utf8mb4 COLLATE=utf8mb4_unicode_ci;

-- --------------------------------------------------------

--
-- Struktur dari tabel `sub_kriteria`
--

CREATE TABLE `sub_kriteria` (
  `id` bigint(20) UNSIGNED NOT NULL,
  `nama` varchar(128) NOT NULL,
  `updated_at` timestamp NULL DEFAULT NULL,
  `created_at` timestamp NULL DEFAULT NULL
) ENGINE=InnoDB DEFAULT CHARSET=utf8mb4;

--
-- Dumping data untuk tabel `sub_kriteria`
--

INSERT INTO `sub_kriteria` (`id`, `nama`, `updated_at`, `created_at`) VALUES
(23, '>1.500.000  s/d  <=2.000.000', '2023-05-29 08:59:10', '2023-05-29 07:55:10'),
(24, '>1.000.000 s/d 1.500.000', '2023-05-29 07:55:49', '2023-05-29 07:55:49'),
(25, '>500.000 s/d 1. 000.000', '2023-05-29 07:56:21', '2023-05-29 07:56:21'),
(26, '<= 500.000', '2023-05-29 08:02:39', '2023-05-29 08:02:39'),
(27, 'Tidak ada tanggungan', '2023-05-29 08:04:23', '2023-05-29 08:04:23'),
(28, '1 s/d 2 Orang', '2023-05-29 08:04:49', '2023-05-29 08:04:49'),
(29, '3 s/d 4 Orang', '2023-05-29 08:05:35', '2023-05-29 08:05:35'),
(30, '>=5 Orang', '2023-05-30 02:38:54', '2023-05-29 08:06:55'),
(31, 'Tembok non plester', '2023-05-29 08:49:27', '2023-05-29 08:07:56'),
(32, 'Kayu', '2023-05-29 08:08:28', '2023-05-29 08:08:28'),
(33, 'Bambu', '2023-05-29 08:08:54', '2023-05-29 08:08:54'),
(34, 'Rumbia', '2023-05-29 08:09:17', '2023-05-29 08:09:17'),
(35, 'Keramik', '2023-05-29 08:10:19', '2023-05-29 08:10:19'),
(36, 'Semen', '2023-05-29 08:11:06', '2023-05-29 08:11:06'),
(37, 'Kayu murah', '2023-05-29 08:11:33', '2023-05-29 08:11:33'),
(38, 'Tanah', '2023-05-29 08:23:19', '2023-05-29 08:23:19'),
(39, 'PDAM', '2023-05-29 08:24:46', '2023-05-29 08:24:46'),
(40, 'sumur', '2023-05-29 08:52:42', '2023-05-29 08:52:42'),
(41, 'mata air', '2023-05-29 08:54:10', '2023-05-29 08:54:10'),
(42, 'air hujan', '2023-05-29 08:54:34', '2023-05-29 08:54:34'),
(43, 'listrik', '2023-05-29 08:55:18', '2023-05-29 08:55:18'),
(44, 'genset', '2023-05-29 08:55:30', '2023-05-29 08:55:30'),
(45, 'PLTS', '2023-05-29 08:55:48', '2023-05-29 08:55:48'),
(46, 'lilin', '2023-05-29 08:55:59', '2023-05-29 08:55:59'),
(47, '>3.000.000', '2023-05-29 08:56:46', '2023-05-29 08:56:46'),
(48, '>=2.000.000 s/d 3.000.000', '2023-05-29 08:57:18', '2023-05-29 08:57:18'),
(49, '< 2.000.000', '2023-05-29 08:57:36', '2023-05-29 08:57:36'),
(50, 'Tidak Memiliki Tabungan', '2023-05-29 08:57:55', '2023-05-29 08:57:55');

-- --------------------------------------------------------

--
-- Struktur dari tabel `users`
--

CREATE TABLE `users` (
  `id` bigint(20) UNSIGNED NOT NULL,
  `nama` varchar(255) COLLATE utf8mb4_unicode_ci NOT NULL,
  `password` varchar(255) COLLATE utf8mb4_unicode_ci NOT NULL,
  `role` int(20) DEFAULT NULL,
  `created_at` timestamp NULL DEFAULT NULL,
  `updated_at` timestamp NULL DEFAULT NULL
) ENGINE=InnoDB DEFAULT CHARSET=utf8mb4 COLLATE=utf8mb4_unicode_ci;

--
-- Dumping data untuk tabel `users`
--

INSERT INTO `users` (`id`, `nama`, `password`, `role`, `created_at`, `updated_at`) VALUES
(1, 'admin', '$2y$10$sjWmdMvt.0bQg77O/iIaA.faFUEyusZ.GiBpRJTwc8WLUOFIVwVCC', 1, NULL, '2023-01-03 22:09:15'),
(15, 'a', '$2y$10$2nHrMssIHsy.qVb8bFgcIe.2iOLnh4iCSYuDmiBzSjda1duNNcTpu', NULL, '2023-04-08 18:42:31', '2023-04-08 18:42:31');

--
-- Indexes for dumped tables
--

--
-- Indeks untuk tabel `kecamatan`
--
ALTER TABLE `kecamatan`
  ADD PRIMARY KEY (`id`);

--
-- Indeks untuk tabel `kecamatan_kelurahan`
--
ALTER TABLE `kecamatan_kelurahan`
  ADD PRIMARY KEY (`id`),
  ADD KEY `kecamatan_id` (`kecamatan_id`,`kelurahan_id`),
  ADD KEY `kelurahan_id` (`kelurahan_id`);

--
-- Indeks untuk tabel `kelurahan`
--
ALTER TABLE `kelurahan`
  ADD PRIMARY KEY (`id`);

--
-- Indeks untuk tabel `kriteria`
--
ALTER TABLE `kriteria`
  ADD PRIMARY KEY (`id`);

--
-- Indeks untuk tabel `kriteria_sub_kriteria`
--
ALTER TABLE `kriteria_sub_kriteria`
  ADD PRIMARY KEY (`id`),
  ADD KEY `kriteria_id` (`kriteria_id`,`sub_kriteria_id`),
  ADD KEY `sub_kriteria_id` (`sub_kriteria_id`);

--
-- Indeks untuk tabel `migrations`
--
ALTER TABLE `migrations`
  ADD PRIMARY KEY (`id`);

--
-- Indeks untuk tabel `penduduk`
--
ALTER TABLE `penduduk`
  ADD PRIMARY KEY (`id`),
  ADD KEY `kecamatan_id` (`kecamatan_id`,`kelurahan_id`),
  ADD KEY `kelurahan_id` (`kelurahan_id`);

--
-- Indeks untuk tabel `penduduk_sub_kriteria`
--
ALTER TABLE `penduduk_sub_kriteria`
  ADD PRIMARY KEY (`id`),
  ADD KEY `mahasiswa_id` (`penduduk_id`,`sub_kriteria_id`),
  ADD KEY `sub_kriteria_id` (`sub_kriteria_id`),
  ADD KEY `kriteria_id` (`kriteria_id`);

--
-- Indeks untuk tabel `personal_access_tokens`
--
ALTER TABLE `personal_access_tokens`
  ADD PRIMARY KEY (`id`),
  ADD UNIQUE KEY `personal_access_tokens_token_unique` (`token`),
  ADD KEY `personal_access_tokens_tokenable_type_tokenable_id_index` (`tokenable_type`,`tokenable_id`);

--
-- Indeks untuk tabel `sub_kriteria`
--
ALTER TABLE `sub_kriteria`
  ADD PRIMARY KEY (`id`);

--
-- Indeks untuk tabel `users`
--
ALTER TABLE `users`
  ADD PRIMARY KEY (`id`);

--
-- AUTO_INCREMENT untuk tabel yang dibuang
--

--
-- AUTO_INCREMENT untuk tabel `kecamatan`
--
ALTER TABLE `kecamatan`
  MODIFY `id` bigint(20) UNSIGNED NOT NULL AUTO_INCREMENT, AUTO_INCREMENT=8;

--
-- AUTO_INCREMENT untuk tabel `kecamatan_kelurahan`
--
ALTER TABLE `kecamatan_kelurahan`
  MODIFY `id` bigint(20) UNSIGNED NOT NULL AUTO_INCREMENT, AUTO_INCREMENT=8;

--
-- AUTO_INCREMENT untuk tabel `kelurahan`
--
ALTER TABLE `kelurahan`
  MODIFY `id` bigint(20) UNSIGNED NOT NULL AUTO_INCREMENT, AUTO_INCREMENT=9;

--
-- AUTO_INCREMENT untuk tabel `kriteria`
--
ALTER TABLE `kriteria`
  MODIFY `id` bigint(20) UNSIGNED NOT NULL AUTO_INCREMENT, AUTO_INCREMENT=27;

--
-- AUTO_INCREMENT untuk tabel `kriteria_sub_kriteria`
--
ALTER TABLE `kriteria_sub_kriteria`
  MODIFY `id` bigint(20) UNSIGNED NOT NULL AUTO_INCREMENT, AUTO_INCREMENT=79;

--
-- AUTO_INCREMENT untuk tabel `migrations`
--
ALTER TABLE `migrations`
  MODIFY `id` int(10) UNSIGNED NOT NULL AUTO_INCREMENT, AUTO_INCREMENT=7;

--
-- AUTO_INCREMENT untuk tabel `penduduk`
--
ALTER TABLE `penduduk`
  MODIFY `id` bigint(20) UNSIGNED NOT NULL AUTO_INCREMENT, AUTO_INCREMENT=447;

--
-- AUTO_INCREMENT untuk tabel `penduduk_sub_kriteria`
--
ALTER TABLE `penduduk_sub_kriteria`
  MODIFY `id` bigint(20) UNSIGNED NOT NULL AUTO_INCREMENT, AUTO_INCREMENT=1721;

--
-- AUTO_INCREMENT untuk tabel `personal_access_tokens`
--
ALTER TABLE `personal_access_tokens`
  MODIFY `id` bigint(20) UNSIGNED NOT NULL AUTO_INCREMENT;

--
-- AUTO_INCREMENT untuk tabel `sub_kriteria`
--
ALTER TABLE `sub_kriteria`
  MODIFY `id` bigint(20) UNSIGNED NOT NULL AUTO_INCREMENT, AUTO_INCREMENT=51;

--
-- AUTO_INCREMENT untuk tabel `users`
--
ALTER TABLE `users`
  MODIFY `id` bigint(20) UNSIGNED NOT NULL AUTO_INCREMENT, AUTO_INCREMENT=16;

--
-- Ketidakleluasaan untuk tabel pelimpahan (Dumped Tables)
--

--
-- Ketidakleluasaan untuk tabel `kecamatan_kelurahan`
--
ALTER TABLE `kecamatan_kelurahan`
  ADD CONSTRAINT `kecamatan_kelurahan_ibfk_1` FOREIGN KEY (`kecamatan_id`) REFERENCES `kecamatan` (`id`) ON DELETE CASCADE ON UPDATE CASCADE,
  ADD CONSTRAINT `kecamatan_kelurahan_ibfk_2` FOREIGN KEY (`kelurahan_id`) REFERENCES `kelurahan` (`id`) ON DELETE CASCADE ON UPDATE CASCADE;

--
-- Ketidakleluasaan untuk tabel `kriteria_sub_kriteria`
--
ALTER TABLE `kriteria_sub_kriteria`
  ADD CONSTRAINT `kriteria_sub_kriteria_ibfk_1` FOREIGN KEY (`kriteria_id`) REFERENCES `kriteria` (`id`) ON DELETE CASCADE ON UPDATE CASCADE,
  ADD CONSTRAINT `kriteria_sub_kriteria_ibfk_2` FOREIGN KEY (`sub_kriteria_id`) REFERENCES `sub_kriteria` (`id`) ON DELETE CASCADE ON UPDATE CASCADE;

--
-- Ketidakleluasaan untuk tabel `penduduk`
--
ALTER TABLE `penduduk`
  ADD CONSTRAINT `penduduk_ibfk_5` FOREIGN KEY (`kecamatan_id`) REFERENCES `kecamatan` (`id`) ON DELETE SET NULL ON UPDATE CASCADE,
  ADD CONSTRAINT `penduduk_ibfk_6` FOREIGN KEY (`kelurahan_id`) REFERENCES `kelurahan` (`id`) ON DELETE SET NULL ON UPDATE CASCADE;

--
-- Ketidakleluasaan untuk tabel `penduduk_sub_kriteria`
--
ALTER TABLE `penduduk_sub_kriteria`
  ADD CONSTRAINT `penduduk_sub_kriteria_ibfk_1` FOREIGN KEY (`penduduk_id`) REFERENCES `penduduk` (`id`) ON DELETE CASCADE ON UPDATE CASCADE,
  ADD CONSTRAINT `penduduk_sub_kriteria_ibfk_2` FOREIGN KEY (`sub_kriteria_id`) REFERENCES `sub_kriteria` (`id`) ON DELETE CASCADE ON UPDATE CASCADE,
  ADD CONSTRAINT `penduduk_sub_kriteria_ibfk_3` FOREIGN KEY (`kriteria_id`) REFERENCES `kriteria` (`id`) ON DELETE CASCADE ON UPDATE CASCADE;
COMMIT;

/*!40101 SET CHARACTER_SET_CLIENT=@OLD_CHARACTER_SET_CLIENT */;
/*!40101 SET CHARACTER_SET_RESULTS=@OLD_CHARACTER_SET_RESULTS */;
/*!40101 SET COLLATION_CONNECTION=@OLD_COLLATION_CONNECTION */;
